<zimbraDirSync>    
    <masterURL>ldap://yourldapserver:389</masterURL>
    <masterFilter>objectClass=Person</masterFilter>
    <masterSearchBase>yoursearchbase</masterSearchBase>
    <masterBindUser>yourbinduser</masterBindUser>
    <masterBindPassword>yourbindpassword</masterBindPassword>
    <masterBindTimeout>200</masterBindTimeout>
    <logLevel>1</logLevel>
    <localIgnore type="smtp">list local addresses separated by a comma</localIgnore>
    <masterIgnore type="smtp">list external addresses separated by a comma</masterIgnore>
    <localPassword type="static">test123</localPassword>
    <localDeleteAdmin>false</localDeleteAdmin>
    <requiredMasterAttribute attr="uid"/>
	<localCos>default</localCos>
	<attributeMap>
        <attr local="displayName" master="cn"/>
    </attributeMap>
</zimbraDirSync>
