<zimbraDirSync>    
    <masterURL>ldap://172.16.4.229</masterURL>
    <masterFilter>objectclass=person</masterFilter>
    <masterSearchBase>\</masterSearchBase>
    <masterBindUser>cn=admin,dc=testdomain,dc=com</masterBindUser>
    <masterBindPassword>test123</masterBindPassword>
    <masterBindTimeout>20</masterBindTimeout>
    <logLevel>2</logLevel>
    <requiredMasterAttribute attr='sn'></requiredMasterAttribute>
    <localIgnore type="smtp">euser5@pa.com</localIgnore>
    <masterIgnore type="smtp">testuser1@persistent.co.in</masterIgnore>
    <localPassword type="static">newuser@123</localPassword>
    <localDeleteAdmin>false</localDeleteAdmin>
    <deletionScriptFile>del_sh</deletionScriptFile>
	<localCos>testcos</localCos>
	<attributeMap>
        <attr local="displayName" master="name"/>
    </attributeMap>
</zimbraDirSync>
