<zimbraDirSync>    
    <masterURL>ldap://172.16.0.100</masterURL>
    <masterFilter>objectclass=person</masterFilter>
    <masterSearchBase>\</masterSearchBase>
    <masterBindUser>persistent\trainee_nagpur</masterBindUser>
    <masterBindPassword>tr@123</masterBindPassword>
    <masterBindTimeout>2</masterBindTimeout>
    <logLevel>2</logLevel>
    <requiredMasterAttribute attr='sAMAccountName'></requiredMasterAttribute>
    <localIgnore type="smtp">srijith_david@persistent.co.in</localIgnore>
    <masterIgnore type="smtp">zainab_kapadia@persistent.co.in</masterIgnore>
    <localPassword type="attribute">sn</localPassword>
    <localDeleteAdmin>false</localDeleteAdmin>
    <deletionScriptFile>del_sh</deletionScriptFile>
    <domains>persistent.co.in,testdomain.com</domains>
	<localCos>testcos</localCos>
	<attributeMap>
        <attr local="displayName" master="name"/>
    </attributeMap>
</zimbraDirSync>
