<zimbraDirSync>    
    <masterURL>ldap://172.16.100.51</masterURL>
    <masterFilter>objectclass=person</masterFilter>
    <masterSearchBase>o=PSPL</masterSearchBase>
    <masterBindUser>cn=administrator,cn=users,dc=ZPSPL_NT,dc=com</masterBindUser>
    <masterBindPassword>newuser@123</masterBindPassword>
    <masterBindTimeout>20</masterBindTimeout>
    <logLevel>2</logLevel>
    <requiredMasterAttribute attr='sn'></requiredMasterAttribute>
    <localIgnore type="smtp">aa@testdomain.com</localIgnore>
    <masterIgnore type="smtp">test0@testdomain.com</masterIgnore>
    <localPassword type="static">newuser@123</localPassword>
    <localDeleteAdmin>false</localDeleteAdmin>
    <deletionScriptFile>del_sh</deletionScriptFile>
    <domains>persistent.co.in</domains>
	<localCos>testcos</localCos>
    <attributeMap>
        <attr local="displayName" master="name"/>
    </attributeMap>
</zimbraDirSync>
