<zimbraDirSync>    
    <masterURL>ldap://172.16.7.70</masterURL>
    <masterFilter>objectclass=person</masterFilter>
    <masterSearchBase>DC=exchange,DC=test</masterSearchBase>
    <masterBindUser>exchange\administrator</masterBindUser>
    <masterBindPassword>Newuser@123</masterBindPassword>
    <masterBindTimeout>20</masterBindTimeout>
    <logLevel>1</logLevel>
    <requiredMasterAttribute attr="mail"></requiredMasterAttribute>
    <localIgnore type="smtp">extestuser@exchange.test</localIgnore>
    <masterIgnore type="smtp">extestuser@exchange.net</masterIgnore>
    <localPassword type="attribute">name</localPassword>
    <localDeleteAdmin>false</localDeleteAdmin>
    <deletionScriptFile>del_sh</deletionScriptFile>
    <domains>exchange.test,testdomain.com</domains>
	<localCos>testcos</localCos>
    <attributeMap>
        <attr local="displayName" master="name"/>
    </attributeMap>
</zimbraDirSync>
