<zimbraDirSync>    
    <masterURL>ldap://172.16.25.42</masterURL>
    <masterFilter>objectClass=Person</masterFilter>
    <masterSearchBase>\</masterSearchBase>
    <masterBindUser>cn=admin,dc=dom,dc=com</masterBindUser>
    <masterBindPassword>test123</masterBindPassword>
    <masterBindTimeout>2</masterBindTimeout>
    <logLevel>2</logLevel>
    <localIgnore type="smtp">pp@persistent.co.in,ll@persistent.co.in</localIgnore>
    <masterIgnore type="smtp">piyush@domain.com</masterIgnore>
    <localPassword type="static">test123</localPassword>
    <localDeleteAdmin>false</localDeleteAdmin>
    <requiredMasterAttribute attr="sn"/>
    <deletionScriptFile>del_sh</deletionScriptFile>
	<localCos>testcos</localCos>
	<attributeMap>
        <attr local="displayName" master="name"/>
    </attributeMap>
</zimbraDirSync>
